Feature,Importance
num__Salary Package,0.9992167192309578
num__Internships,0.00017557532283754232
num__HistoryOfBacklogs,0.0001552284389653628
num__AptitudeTestScore,7.145094067354737e-05
num__ExtraCurricular,6.746219325371479e-05
num__AttendancePercent,4.1320412028929344e-05
num__MockInterviewScore,3.898287844281628e-05
num__SGPA_Sem4,3.81091858461111e-05
num__SGPA_Sem1,3.29120256560437e-05
num__CGPA,2.7689651796412354e-05
num__SoftSkillsRating,2.7015575457026812e-05
num__Projects,2.0094514253531412e-05
num__StudentID,1.9689909074760338e-05
num__SGPA_Sem7,1.9438959261634934e-05
num__SGPA_Sem2,1.3244125416497602e-05
num__SGPA_Sem5,1.3206833478622552e-05
num__SGPA_Sem3,6.250731235908535e-06
num__SGPA_Sem6,5.623387124194133e-06
num__Workshops,4.6031636593748305e-06
num__CodingTestScore,3.867057621572582e-06
num__CollegeTier,6.558563195887921e-07
num__Stream,4.4087614189834715e-07
num__Certifications,1.4694368050172136e-07
num__SGPA_Sem8,1.4425345655114655e-07
num__City,1.2753336001542367e-07
num__Hostel,0.0
num__Gender,0.0
num__Specialisation,0.0
num__Publications,0.0
num__CGPA_Tier,0.0
num__IsAnomaly,0.0
