CGPA,HistoryOfBacklogs,Internships,AptitudeTestScore,Agglomerative_Cluster
0.955545529827698,0,1.0720689188802486,0.9675040739237728,1
-1.52639702028453,0,-1.386071816405672,-2.1677331418083616,0
-0.269952287933452,0,-0.1570014487627117,0.3024537554351384,0
-0.8269967505521564,1,-1.386071816405672,-0.8783498712691723,2
-0.8393755163881279,0,-0.1570014487627117,-0.5729696229835748,0
-0.7403453897003581,0,-1.386071816405672,-0.0843612257266185,0
-0.1090283320658257,0,-1.386071816405672,-1.6180486948942865,0
-0.5422851363248185,0,-0.1570014487627117,-0.0572163147678993,0
-1.4335562765147465,1,-0.1570014487627117,-1.1837301195547698,2
0.1571151334075552,0,1.0720689188802486,1.3882501937839298,1
1.5311581412003603,0,2.3011392865232088,2.0057969180948043,1
-0.5918001996687033,1,-1.386071816405672,-1.1837301195547698,2
0.7760534252061161,0,1.0720689188802486,0.7299861030349748,1
-0.1956796929176246,1,-0.1570014487627117,-0.2743756024376568,2
-1.2788217035651062,0,-0.1570014487627117,-1.2040888027738097,0
-0.2575735220974804,0,-0.1570014487627117,-1.1701576640754097,0
1.1040907198593528,0,1.0720689188802486,0.3160262109144976,1
-0.6722621776025162,0,-1.386071816405672,-2.0998708644115625,0
-1.9534644416255371,0,-0.1570014487627117,-1.6044762394149266,0
-1.0931402160255377,0,-1.386071816405672,0.0513633290669803,0
0.1385469846535982,0,-0.1570014487627117,-0.2743756024376568,0
-1.7430254224140267,1,1.0720689188802486,-2.4866858455733194,2
1.679703331232015,0,1.0720689188802486,1.2660980944696898,1
0.788432191042087,0,1.0720689188802486,0.7503447862540145,1
0.7327277447802166,1,-0.1570014487627117,0.3771022605716175,2
0.1261682188176273,1,1.0720689188802486,1.008221440361852,2
-0.6660727946845307,0,-0.1570014487627117,0.0649357845463404,0
0.1385469846535982,0,-1.386071816405672,0.2685226167367388,0
0.1323576017356127,1,-0.1570014487627117,-0.2947342856566974,2
-1.798729868675897,0,-1.386071816405672,-0.8240600493517329,0
-1.0621933014356095,0,-1.386071816405672,-1.14301275311669,0
0.1756832821615122,0,1.0720689188802486,-0.4236726127106158,1
-0.0409451199679844,0,-0.1570014487627117,-0.912281009967572,0
-0.2390053733435235,0,-1.386071816405672,-0.3625965630534963,0
0.287092174685253,1,-0.1570014487627117,0.8521382023492137,2
-0.498959455898919,1,-0.1570014487627117,-0.898708554488212,2
1.6920820970679864,0,1.0720689188802486,1.0014352126221726,1
-0.6908303263564731,0,1.0720689188802486,0.4381783102287374,1
-0.3813611804571927,0,-0.1570014487627117,0.5874753205016954,0
-0.6351258800946028,0,-0.1570014487627117,-0.2608031469582977,0
0.6832126814363317,0,1.0720689188802486,1.5850507982346476,1
1.3764235682507204,0,1.0720689188802486,-0.5118935733264554,1
0.4913418109787775,0,1.0720689188802486,1.978652007136084,1
1.5744838216262589,0,2.3011392865232088,1.9854382348757649,1
0.5037205768147496,0,-1.386071816405672,0.2278052502986585,0
-0.6908303263564731,0,-1.386071816405672,1.0150076681015328,0
-1.811108634511868,0,-0.1570014487627117,-2.6291966281065977,0
-1.9039493782816523,0,-0.1570014487627117,-2.1541606863290017,0
0.237577111341368,0,-0.1570014487627117,-0.4101001572312562,0
-1.309768618155034,0,-0.1570014487627117,0.0649357845463404,0
-0.4556337754730201,0,-0.1570014487627117,0.2210190225589789,0
-0.6475046459305738,0,-0.1570014487627117,0.0649357845463404,0
0.788432191042087,0,-0.1570014487627117,-0.315092968875737,0
-0.5237169875708615,1,-0.1570014487627117,-0.165795958602778,2
-1.3035792352370486,1,-0.1570014487627117,-0.301520513396377,2
-0.820807367634171,0,-0.1570014487627117,0.0649357845463404,0
0.2128195796694256,0,-0.1570014487627117,-0.1454372753837384,0
0.3180390892751809,0,1.0720689188802486,0.0649357845463404,1
1.1845526977931662,0,-0.1570014487627117,-0.1929408695614982,0
0.7698640422881305,0,-0.1570014487627117,1.3611052828252097,0
-1.037435769763667,1,1.0720689188802486,0.3160262109144976,2
0.3985010672089937,1,-0.1570014487627117,-1.8487804380434043,2
-1.4892607227766166,0,-1.386071816405672,-1.6384073781133264,0
-0.5732320509147464,1,-1.386071816405672,-1.434820545922928,2
-0.7465347726183436,0,-1.386071816405672,-1.1905163472944498,0
0.0580850067197854,0,-0.1570014487627117,0.4381783102287374,0
1.5682944387082736,0,1.0720689188802486,0.8996417965269734,1
1.586862587462231,0,2.3011392865232088,1.8632861355615256,1
0.020948709211872,0,-1.386071816405672,0.5874753205016954,0
0.7327277447802166,0,1.0720689188802486,0.7978483804317743,1
0.8193791056320154,0,1.0720689188802486,2.039728056793204,1
1.7044608629039573,0,1.0720689188802486,0.7639172417333745,1
1.2773934415629506,1,1.0720689188802486,0.4653232211874566,2
1.6425670337241014,0,2.3011392865232088,1.9175759574789653,1
0.3366072380291379,0,-0.1570014487627117,-0.4236726127106158,0
-1.9225175270356092,0,-1.386071816405672,-2.3916786572178,0
1.6178095020521583,0,-0.1570014487627117,0.3703160328319379,0
-0.9384056430758972,0,-0.1570014487627117,-0.2608031469582977,0
-0.9136481114039552,0,-1.386071816405672,-1.5909037839355664,0
0.6151294693384903,0,1.0720689188802486,-0.2811618301773373,1
0.2994709405212244,0,-0.1570014487627117,0.4381783102287374,0
0.1137894529816558,1,1.0720689188802486,-0.1929408695614982,2
1.7044608629039573,0,1.0720689188802486,1.4696849266600882,1
0.0333274750478429,0,-1.386071816405672,-0.1115061366853387,0
-0.2823310537694229,0,-0.1570014487627117,-0.3965277017518961,0
0.7636746593701451,0,1.0720689188802486,-0.0707887702472584,1
-0.0904601833118693,0,1.0720689188802486,0.2006603393399393,1
1.7044608629039573,0,1.0720689188802486,1.4968298376188085,1
0.992681827335612,0,-0.1570014487627117,-0.7290528609962134,0
1.5559156728723025,0,-0.1570014487627117,1.1100148564570511,0
-1.0312463868456816,0,-1.386071816405672,-1.1294402976373303,0
-1.043625152681653,1,-0.1570014487627117,0.1463705174224989,2
0.7389171276982021,0,1.0720689188802486,-0.1250785921646988,1
-0.802239218880214,0,-0.1570014487627117,0.1395842896828194,0
1.4383173974305763,0,1.0720689188802486,0.9403591629650528,1
-1.3345261498269765,0,-1.386071816405672,0.2549501612573787,0
-0.987920706419782,0,-1.386071816405672,0.0649357845463404,0
-1.9534644416255371,0,1.0720689188802486,-2.303457696601961,0
-1.1550340452053938,0,-0.1570014487627117,-0.688335494558134,0
-1.965843207461508,0,-0.1570014487627117,-2.317030152081321,0
0.5532356401586345,0,1.0720689188802486,0.3431711218732178,1
-1.1736021939593508,0,-0.1570014487627117,0.2142327948192984,0
0.0147593262938859,0,-0.1570014487627117,0.0649357845463404,0
1.0731438052694255,0,1.0720689188802486,0.0445771013272998,1
-1.0745720672715808,1,-0.1570014487627117,-1.2312337137325295,2
1.5559156728723025,0,2.3011392865232088,0.0649357845463404,1
0.6089400864205049,0,-1.386071816405672,0.2481639335176981,0
-1.4026093619248177,1,-1.386071816405672,-2.1677331418083616,2
1.6982714799859715,0,-0.1570014487627117,0.0649357845463404,0
1.0731438052694255,1,-0.1570014487627117,-0.3693827907931764,2
-0.6970197092744587,0,-0.1570014487627117,0.3567435773525779,0
-0.4184974779651061,0,-0.1570014487627117,-0.1318648199043783,0
0.237577111341368,0,2.3011392865232088,0.2074465670796189,1
0.6336976180924468,1,-0.1570014487627117,-0.0368576315488587,2
1.5311581412003603,0,1.0720689188802486,1.992224462615444,1
-1.0807614501895664,0,-1.386071816405672,-1.0072881983230912,0
0.2251983455053971,0,-0.1570014487627117,0.4856819044064962,0
-0.8579436651420843,1,-1.386071816405672,0.0649357845463404,2
-1.613048381136329,1,-1.386071816405672,-1.1905163472944498,2
-0.7093984751104302,0,-0.1570014487627117,-1.7741319329069252,0
-1.4645031911046742,1,-1.386071816405672,-1.4483930014022877,2
0.4480161305528786,0,-0.1570014487627117,0.533185498584256,0
-0.0285663541320129,0,1.0720689188802486,0.4992543598858563,1
0.0828425383917278,0,-0.1570014487627117,1.0353663513205724,0
1.141227017367267,0,-0.1570014487627117,0.4653232211874566,0
-0.4927700729809335,1,-1.386071816405672,-0.9462121486659716,2
-0.9136481114039552,0,-1.386071816405672,-0.912281009967572,0
-0.5113382217348905,0,-1.386071816405672,-1.0683642479802105,0
-1.606858998218343,0,-1.386071816405672,-0.9733570596246914,0
-0.2266266075075525,0,-0.1570014487627117,0.4788956766668166,0
0.955545529827698,0,1.0720689188802486,1.1371597674157716,1
0.002380560457915,0,-0.1570014487627117,-0.2268720082598979,0
-1.817298017429854,0,-1.386071816405672,-1.5909037839355664,0
-1.6254271469722998,0,-1.386071816405672,-1.7944906161259648,0
-0.6598834117665452,1,-0.1570014487627117,-0.4440312959296559,2
-0.9817313235017966,0,-0.1570014487627117,0.234591478038339,0
0.5099099597327351,0,1.0720689188802486,-0.8037013661326928,1
-0.9631631747478396,0,-0.1570014487627117,0.6756962811175354,0
0.7017808301902893,0,1.0720689188802486,1.1439459951554511,1
-0.9198374943219408,1,-0.1570014487627117,0.0649357845463404,2
-1.0498145355996384,0,-0.1570014487627117,-0.0572163147678993,0
-0.1214070979017972,0,-0.1570014487627117,-0.2608031469582977,0
1.0855225711053964,0,-0.1570014487627117,0.2685226167367388,0
-0.987920706419782,0,-1.386071816405672,-1.523041506538767,0
0.0642743896377708,0,-0.1570014487627117,-0.0572163147678993,0
-0.2080584587535955,1,1.0720689188802486,0.4178196270096967,2
-1.8668130807737384,1,-0.1570014487627117,-1.2244474859928496,2
0.1571151334075552,0,-0.1570014487627117,0.5671166372826558,0
-0.820807367634171,0,-0.1570014487627117,0.3363848941335382,0
1.4754536949384902,0,-0.1570014487627117,0.2820950722160979,0
-0.0223769712140274,0,-0.1570014487627117,-0.6408319003803742,0
-1.0126782380917243,0,-0.1570014487627117,-0.6204732171613345,0
0.1694938992435261,0,-0.1570014487627117,0.0445771013272998,0
-0.4370656267190631,0,-0.1570014487627117,-0.2472306914789376,0
0.0642743896377708,0,-0.1570014487627117,1.0828699454983322,0
1.7044608629039573,0,-0.1570014487627117,0.7028411920762546,0
0.5408568743226625,0,-0.1570014487627117,-0.0368576315488587,0
1.1474164002852525,0,1.0720689188802486,1.5714783427552874,1
1.6178095020521583,0,-0.1570014487627117,-0.091147453466299,0
0.0085699433759004,1,-0.1570014487627117,-1.0208606538024512,2
-1.086950833107552,0,-0.1570014487627117,-0.0097127205901395,0
0.6275082351744613,0,-1.386071816405672,0.9335729352253732,0
-1.9844113562154653,0,-1.386071816405672,-1.0072881983230912,0
-0.6103683484226603,0,-0.1570014487627117,0.0581495568066599,0
0.9369773810737416,0,-0.1570014487627117,-0.2540169192186172,0
-0.802239218880214,0,-1.386071816405672,-1.7944906161259648,0
0.6955914472723026,1,-0.1570014487627117,-0.1861546418218177,2
0.3427966209471234,1,-0.1570014487627117,0.5806890927620159,2
-0.1152177149838117,0,1.0720689188802486,0.7842759249524142,1
-1.4459350423507171,1,-1.386071816405672,-1.672338516811726,2
0.1447363675715842,0,1.0720689188802486,0.0649357845463404,1
-1.0993295989435234,0,-0.1570014487627117,-0.2404444637392571,0
0.837947254385972,0,1.0720689188802486,1.5104022930981684,1
0.0085699433759004,0,1.0720689188802486,0.0649357845463404,1
1.5435369070363316,0,2.3011392865232088,1.978652007136084,1
-0.987920706419782,1,-0.1570014487627117,-1.8759253490021244,2
0.1571151334075552,0,-0.1570014487627117,1.2525256389903308,0
1.6920820970679864,0,1.0720689188802486,0.9267867074856928,1
-2.0091688878874074,0,-1.386071816405672,-1.6044762394149266,0
1.7044608629039573,1,-0.1570014487627117,0.4992543598858563,2
0.2190089625874111,0,2.3011392865232088,0.9132142520063335,1
-0.3627930317032358,0,1.0720689188802486,2.1075903341900037,1
0.6398870010104323,0,-0.1570014487627117,-0.165795958602778,0
1.6920820970679864,0,1.0720689188802486,0.4449645379684169,1
1.5744838216262589,0,-0.1570014487627117,0.9675040739237728,0
0.6955914472723026,0,1.0720689188802486,1.1235873119364117,1
1.1226588686133103,1,2.3011392865232088,-0.4983211178470952,2
-1.817298017429854,0,1.0720689188802486,-2.317030152081321,0
0.5903719376665474,0,-0.1570014487627117,-0.688335494558134,0
-0.0657026516399268,1,-0.1570014487627117,-0.2675893746979773,2
-1.0993295989435234,0,-1.386071816405672,-1.400889407224528,0
-0.232815990425538,0,-0.1570014487627117,1.4018226492632888,0
-1.761593571167983,0,-1.386071816405672,-1.3126684466086886,0
0.5099099597327351,0,1.0720689188802486,1.27967054994905,1
-1.260253554811149,1,-1.386071816405672,-0.9665708318850114,2
0.8008109568780579,0,1.0720689188802486,0.9471453907047332,1
0.2313877284233826,1,-1.386071816405672,0.4246058547493773,2
-0.0409451199679844,1,-0.1570014487627117,-0.9801432873643716,2
0.287092174685253,1,-0.1570014487627117,-0.3625965630534963,2
0.5779931718305764,0,1.0720689188802486,0.2820950722160979,1
-0.6908303263564731,0,-0.1570014487627117,0.7164136475556148,0
-1.328336766908991,1,-1.386071816405672,-1.529827734278447,2
0.5532356401586345,0,-0.1570014487627117,0.8249932913904935,0
-1.4706925740226595,0,-1.386071816405672,0.0649357845463404,0
1.6982714799859715,0,2.3011392865232088,2.012583145834484,1
0.8936517006478423,0,2.3011392865232088,0.1395842896828194,1
0.1076000700636703,0,-0.1570014487627117,-0.3693827907931764,0
-0.4927700729809335,0,-1.386071816405672,-1.6859109722910857,0
-0.251384139179495,0,-0.1570014487627117,0.1803016561208987,0
-2.0091688878874074,0,-1.386071816405672,-0.8851360990088524,0
1.623998884970144,0,2.3011392865232088,1.9175759574789653,1
-0.0904601833118693,0,1.0720689188802486,1.4832573821394484,1
-1.0002994722557537,0,-0.1570014487627117,-0.8715636435294922,0
-1.8977599953636668,1,-1.386071816405672,-1.1565852085960502,2
0.992681827335612,0,-0.1570014487627117,1.042152579060252,0
-0.752724155536329,0,-0.1570014487627117,-0.2404444637392571,0
-0.3999293292111497,0,-0.1570014487627117,-0.5051073455867753,0
-0.8146179847161854,0,-0.1570014487627117,-0.8444187325707726,0
-0.5918001996687033,0,-0.1570014487627117,0.4924681321461767,0
1.2031208465471226,0,-0.1570014487627117,-0.077574997986939,0
0.0890319213097133,0,-1.386071816405672,0.1531567451621795,0
-1.767782954085969,1,-1.386071816405672,-2.2288091914654813,2
-1.328336766908991,1,-0.1570014487627117,-1.6180486948942865,2
0.6832126814363317,0,-0.1570014487627117,-0.1725821863424576,0
1.0112499760895697,0,2.3011392865232088,0.1938741116002588,1
0.1447363675715842,0,-0.1570014487627117,0.4313920824890568,0
0.9184092323197852,0,1.0720689188802486,-0.6679768113390939,1
0.2190089625874111,0,-0.1570014487627117,-0.7222666332565337,0
-1.8358661661838105,0,-1.386071816405672,-0.5729696229835748,0
0.0271380921298574,0,-0.1570014487627117,0.0310046458479407,0
0.6770232985183462,0,1.0720689188802486,1.218594500291931,1
0.3985010672089937,1,-0.1570014487627117,0.0649357845463404,2
1.6549457995600725,0,1.0720689188802486,0.8996417965269734,1
0.7512958935341741,0,-1.386071816405672,-0.5593971675042146,0
-1.6192377640543143,1,-0.1570014487627117,-1.665552289072046,2
-0.956973791829854,1,-1.386071816405672,-1.4416067736626077,2
-0.9384056430758972,1,-1.386071816405672,-0.6001145339422944,2
0.1818726650794976,0,2.3011392865232088,1.0353663513205724,1
0.5284781084866915,0,-0.1570014487627117,0.7707034694730541,0
-1.8358661661838105,0,-0.1570014487627117,-0.1997270973011778,0
-0.0223769712140274,0,-0.1570014487627117,-0.2336582359995775,0
0.5965613205845339,0,1.0720689188802486,-0.2608031469582977,1
0.5037205768147496,0,-0.1570014487627117,0.5806890927620159,0
0.4232585988809362,0,-0.1570014487627117,1.815782541383766,0
1.1907420807111515,0,1.0720689188802486,0.6349789146794552,1
0.2994709405212244,0,-0.1570014487627117,-0.6204732171613345,0
-0.4803913071449626,0,-1.386071816405672,-1.3873169517451682,0
1.06695442235144,0,1.0720689188802486,0.9132142520063335,1
1.5930519703802164,0,-0.1570014487627117,2.1075903341900037,0
-0.6475046459305738,0,-1.386071816405672,0.4246058547493773,0
0.9307879981557564,1,-0.1570014487627117,0.0377908735876202,2
0.55942502307662,0,-0.1570014487627117,1.5850507982346476,0
-1.1055189818615088,0,-1.386071816405672,-1.0480055647611708,0
1.0483862735974825,0,-0.1570014487627117,0.4721094489271371,0
0.3861223013730228,0,-1.386071816405672,-0.3761690185328564,0
1.6858927141500009,0,1.0720689188802486,1.1100148564570511,1
-0.2637629050154659,1,-0.1570014487627117,-0.2268720082598979,2
1.2650146757269785,0,-0.1570014487627117,-0.4643899791486955,0
1.0731438052694255,0,2.3011392865232088,1.6121957091933676,1
-0.3008992025233799,0,-1.386071816405672,0.08529446776538,0
-0.4370656267190631,0,-0.1570014487627117,0.0038597348892205,0
-0.5299063704888475,0,1.0720689188802486,1.055725034539612,1
0.8812729348118713,0,-0.1570014487627117,0.0513633290669803,0
-0.3566036487852503,0,-0.1570014487627117,0.5671166372826558,0
-0.7279666238643866,0,1.0720689188802486,0.4110333992700172,1
-1.037435769763667,0,-0.1570014487627117,0.0649357845463404,0
-0.3504142658672648,0,-0.1570014487627117,0.5060405876255368,0
-0.1461646295737397,1,-0.1570014487627117,-0.165795958602778,2
-0.6227471142586313,0,-0.1570014487627117,-0.6679768113390939,0
-1.340715532744962,1,-1.386071816405672,-1.672338516811726,2
-2.0091688878874074,1,-1.386071816405672,-1.903070259960844,2
-1.1797915768773362,0,-1.386071816405672,-0.769770227434293,0
-0.5732320509147464,0,-0.1570014487627117,-0.091147453466299,0
0.3242284721931663,0,-0.1570014487627117,0.0649357845463404,0
-0.220437224589567,0,1.0720689188802486,1.3746777383045696,1
1.2031208465471226,0,-0.1570014487627117,0.5060405876255368,0
-0.8517542822240989,0,-1.386071816405672,-1.0072881983230912,0
-0.7279666238643866,0,-0.1570014487627117,-1.0072881983230912,0
0.287092174685253,0,-1.386071816405672,-0.2132995527805379,0
0.1880620479974831,0,-1.386071816405672,0.2142327948192984,0
-0.3380355000312933,0,-1.386071816405672,-0.2608031469582977,0
0.5779931718305764,0,-0.1570014487627117,-0.6136869894216546,0
0.7760534252061161,1,-1.386071816405672,-0.450817523669336,2
-0.752724155536329,1,-0.1570014487627117,-0.2608031469582977,2
-0.0038088224600704,0,-0.1570014487627117,0.0649357845463404,0
-1.210738491467264,1,-0.1570014487627117,-1.2990959911293292,2
-0.5856108167507179,0,-0.1570014487627117,0.4788956766668166,0
-1.043625152681653,0,1.0720689188802486,-0.1793684140821381,1
-0.3875505633751782,0,-0.1570014487627117,-0.9394259209262916,0
-0.820807367634171,0,-0.1570014487627117,0.4449645379684169,0
-1.9906007391334504,0,-0.1570014487627117,-2.37131997399876,0
1.209310229465108,0,1.0720689188802486,0.5806890927620159,1
-0.2637629050154659,0,-0.1570014487627117,0.0649357845463404,0
-1.210738491467264,0,1.0720689188802486,-0.1182923644250182,1
-0.8393755163881279,0,-0.1570014487627117,-0.1590097308630985,0
-0.2390053733435235,0,-1.386071816405672,-0.0707887702472584,0
0.1199788358996418,1,-1.386071816405672,-0.7765564551739731,2
1.7044608629039573,0,1.0720689188802486,0.6960549643365751,1
0.9245986152377708,0,1.0720689188802486,0.8792831133079339,1
-0.6846409434384877,0,-1.386071816405672,0.0649357845463404,0
1.2031208465471226,0,-0.1570014487627117,0.5874753205016954,0
-0.994110089337768,0,-0.1570014487627117,0.1395842896828194,0
0.6460763839284177,1,-1.386071816405672,-0.2608031469582977,2
-0.1275964808197827,0,-0.1570014487627117,1.130373539676091,0
-0.5360957534068329,0,-1.386071816405672,-1.8419942103037248,0
1.1969314636291373,0,1.0720689188802486,1.978652007136084,1
1.2340677611370512,0,1.0720689188802486,0.0649357845463404,1
0.3737435355370513,0,2.3011392865232088,1.0150076681015328,1
-1.87919184660971,0,-0.1570014487627117,-2.3306026075606803,0
1.6735139483140289,0,1.0720689188802486,0.2888812999557784,1
-1.5449651690384871,0,-1.386071816405672,-1.3669582685261286,0
-0.5299063704888475,0,-0.1570014487627117,-1.6316211503736462,0
1.1845526977931662,0,-0.1570014487627117,0.5603304095429762,0
1.357855419496763,0,-0.1570014487627117,-0.7358390887358933,0
-0.1214070979017972,1,-0.1570014487627117,0.2006603393399393,2
0.9617349127456848,0,1.0720689188802486,0.607834003720736,1
-1.1797915768773362,0,-1.386071816405672,-1.4891103678403672,0
0.2066301967514401,0,1.0720689188802486,1.829354996863126,1
1.271204058644965,0,1.0720689188802486,0.7978483804317743,1
1.345476653660792,0,1.0720689188802486,0.845351974609534,1
0.5656144059946054,0,1.0720689188802486,-0.389741474012216,1
1.246446526973022,0,1.0720689188802486,0.0649357845463404,1
1.4878324607744613,0,1.0720689188802486,1.0489388067999323,1
1.7044608629039573,0,1.0720689188802486,1.9107897297392848,1
-0.251384139179495,0,-0.1570014487627117,1.1100148564570511,0
0.020948709211872,0,-0.1570014487627117,-0.0640025425075789,0
-0.4927700729809335,0,-1.386071816405672,0.0649357845463404,0
-0.2080584587535955,0,-1.386071816405672,0.0649357845463404,0
-1.0126782380917243,1,-0.1570014487627117,-1.6859109722910857,2
1.1536057832032378,0,-1.386071816405672,-0.091147453466299,0
0.6584551497643898,0,1.0720689188802486,1.3882501937839298,1
1.6673245653960431,0,2.3011392865232088,2.094017878710644,1
-1.6316165298902854,0,-1.386071816405672,0.0785082400256995,0
-0.7093984751104302,0,-0.1570014487627117,0.309239983174818,0
0.9369773810737416,0,-0.1570014487627117,0.4721094489271371,0
-0.2761416708514375,0,-0.1570014487627117,0.1531567451621795,0
-0.6784515605205017,0,-0.1570014487627117,0.0377908735876202,0
1.512589992446403,0,-0.1570014487627117,0.2956675276954579,0
-0.9322162601579116,0,-0.1570014487627117,-0.2132995527805379,0
0.7017808301902893,0,-1.386071816405672,-0.2200857805202174,0
-0.4494443925550346,0,-0.1570014487627117,0.5942615482413759,0
0.9245986152377708,1,1.0720689188802486,0.8996417965269734,2
1.4383173974305763,0,1.0720689188802486,0.4381783102287374,1
-0.8950799626499982,0,-1.386071816405672,-0.6611905835994139,0
0.1694938992435261,0,-0.1570014487627117,0.0649357845463404,0
1.6178095020521583,0,2.3011392865232088,2.1075903341900037,1
1.5187793753643886,0,2.3011392865232088,1.130373539676091,1
-0.0966495662298548,0,-0.1570014487627117,1.3000292331680896,0
0.4480161305528786,0,1.0720689188802486,0.2074465670796189,1
-0.9012693455679838,0,-1.386071816405672,-1.0072881983230912,0
1.2526359098910076,0,-0.1570014487627117,0.3431711218732178,0
0.2190089625874111,0,-0.1570014487627117,-0.5797558507232549,0
-0.2390053733435235,0,-1.386071816405672,-0.0097127205901395,0
-0.789860453044243,0,-1.386071816405672,0.0649357845463404,0
0.4170692159629507,0,-0.1570014487627117,0.2888812999557784,0
0.788432191042087,0,1.0720689188802486,0.2753088444764183,1
0.9988712102535976,0,1.0720689188802486,0.2820950722160979,1
1.3021509732348926,0,1.0720689188802486,0.0174321903685806,1
-1.1859809597953217,0,-1.386071816405672,-0.9326396931866116,0
1.2340677611370512,0,-0.1570014487627117,1.2593118667300105,0
0.3985010672089937,0,-1.386071816405672,0.0649357845463404,0
-0.2451947562615095,1,-0.1570014487627117,0.0649357845463404,2
-0.3999293292111497,0,2.3011392865232088,0.7028411920762546,1
1.611620119134173,1,2.3011392865232088,2.060086740012244,1
-0.6970197092744587,1,-0.1570014487627117,-2.1066570921512424,2
0.5532356401586345,0,1.0720689188802486,-0.4983211178470952,1
-0.505148838816905,0,-1.386071816405672,-1.4619654568816476,0
-0.2637629050154659,1,1.0720689188802486,0.3499573496128973,2
-0.0471345028859698,0,-0.1570014487627117,0.0649357845463404,0
1.5806732045442455,0,-0.1570014487627117,1.3611052828252097,0
0.8874623177298568,0,2.3011392865232088,0.4517507657080965,1
-0.8455648993061133,0,-0.1570014487627117,0.7842759249524142,0
0.4542055134708647,0,-0.1570014487627117,0.4042471715303377,0
0.274713408849282,1,-0.1570014487627117,-0.5661833952438947,2
1.5435369070363316,0,2.3011392865232088,1.9311484129583247,1
1.0174393590075552,0,1.0720689188802486,1.1710909061141712,1
0.6770232985183462,0,-0.1570014487627117,0.9471453907047332,0
0.2623346430133105,0,-0.1570014487627117,-0.4711762068883756,0
-1.8606236978557529,1,-1.386071816405672,-2.493472073312999,2
-1.260253554811149,1,-0.1570014487627117,-1.9505738541386035,2
-0.7774816872082715,1,-1.386071816405672,-1.9980774483163632,2
-0.220437224589567,0,-0.1570014487627117,-1.529827734278447,0
1.4445067803485618,0,-0.1570014487627117,0.0649357845463404,0
0.268524025931296,0,-0.1570014487627117,-1.0412193370214908,0
-0.0471345028859698,0,-0.1570014487627117,-0.7290528609962134,0
1.6982714799859715,0,2.3011392865232088,2.087231650970964,1
-1.291200469401077,1,-0.1570014487627117,-1.543400189757807,2
-0.5113382217348905,0,-0.1570014487627117,0.0649357845463404,0
-0.220437224589567,0,-0.1570014487627117,-0.3965277017518961,0
0.5408568743226625,0,-1.386071816405672,-0.1590097308630985,0
1.5311581412003603,1,2.3011392865232088,2.012583145834484,1
-0.3132779683593508,0,-0.1570014487627117,-0.0436438592885392,0
0.7512958935341741,0,1.0720689188802486,1.5714783427552874,1
-1.0312463868456816,0,-1.386071816405672,-1.0819367034595706,0
-0.7960498359622284,0,-1.386071816405672,-1.5773313284562065,0
-0.0409451199679844,0,2.3011392865232088,-0.165795958602778,1
-1.1612234281233793,0,-1.386071816405672,0.0649357845463404,0
-1.4026093619248177,1,-0.1570014487627117,-1.19730257503413,2
0.6213188522564759,0,-0.1570014487627117,-0.2947342856566974,0
-0.3689824146212213,0,-1.386071816405672,-0.4847486623677356,0
-0.0780814174758978,0,-0.1570014487627117,0.2820950722160979,0
1.5806732045442455,0,-0.1570014487627117,0.9200004797460132,0
1.562105055790288,0,1.0720689188802486,-0.2540169192186172,1
1.3640448024147485,0,1.0720689188802486,0.6417651424191357,1
1.2216889953010803,0,1.0720689188802486,1.591837025974328,1
-1.817298017429854,0,-0.1570014487627117,-2.4866858455733194,0
-0.4123080950471207,1,-1.386071816405672,-1.1905163472944498,2
0.2994709405212244,1,1.0720689188802486,1.0625112622792916,2
-1.0498145355996384,0,-1.386071816405672,-0.5186798010661354,0
0.8750835518938859,0,1.0720689188802486,1.1371597674157716,1
-1.5078288715305737,0,-1.386071816405672,0.4381783102287374,0
0.0580850067197854,0,1.0720689188802486,0.2617363889970582,1
-1.2664429377291346,0,-0.1570014487627117,-0.919067237707252,0
-0.9074587284859692,0,-1.386071816405672,-1.760559477427565,0
0.8688941689759004,0,-0.1570014487627117,-0.3218791966154166,0
-0.6784515605205017,0,-0.1570014487627117,-0.769770227434293,0
0.0890319213097133,0,-0.1570014487627117,-0.2065133250408573,0
-0.7651029213723005,1,-0.1570014487627117,-0.3083067411360565,2
0.4232585988809362,0,-0.1570014487627117,-0.0979336812059786,0
-0.1523540124917251,1,-0.1570014487627117,-0.0504300870282188,2
1.5744838216262589,0,-0.1570014487627117,-0.5865420784629348,0
1.2526359098910076,0,1.0720689188802486,1.1914495893332109,1
-0.1461646295737397,0,-0.1570014487627117,-0.2608031469582977,0
1.271204058644965,0,-0.1570014487627117,1.5375472040568876,0
-1.7863511028399257,0,-1.386071816405672,-1.658766061332366,0
0.825568488550001,1,-0.1570014487627117,-0.3965277017518961,2
-0.5113382217348905,1,-1.386071816405672,-0.9801432873643716,2
0.81318972271403,0,-0.1570014487627117,0.0649357845463404,0
-1.4397456594327318,1,-0.1570014487627117,-0.2675893746979773,2
0.522288725568706,0,-0.1570014487627117,-0.002926492850459,0
0.9431667639917272,0,-0.1570014487627117,0.3160262109144976,0
-0.9445950259938832,0,1.0720689188802486,1.0828699454983322,1
-0.4803913071449626,1,-0.1570014487627117,0.0649357845463404,2
-0.5299063704888475,1,-0.1570014487627117,0.519613043104896,2
-0.0409451199679844,0,-0.1570014487627117,-0.1793684140821381,0
-0.1647327783276961,0,-0.1570014487627117,1.2118082725522503,0
-0.8888905797320128,1,-0.1570014487627117,0.5399717263239365,2
0.4356373647169077,0,1.0720689188802486,1.3950364215236093,1
-0.9260268772399262,1,-1.386071816405672,0.0649357845463404,2
0.4480161305528786,0,1.0720689188802486,0.0649357845463404,1
-1.6996997419881272,0,-1.386071816405672,-1.6384073781133264,0
0.7636746593701451,0,1.0720689188802486,-1.000501970583411,1
-1.8853812295276955,0,-0.1570014487627117,-2.5884792616685184,0
-0.3194673512773363,0,-0.1570014487627117,0.0513633290669803,0
1.2650146757269785,0,1.0720689188802486,1.1235873119364117,1
-0.2390053733435235,0,-0.1570014487627117,0.2481639335176981,0
-0.1709221612456821,0,-0.1570014487627117,-0.2472306914789376,0
1.4816430778564758,0,1.0720689188802486,0.8996417965269734,1
-0.9631631747478396,0,-0.1570014487627117,-0.7358390887358933,0
0.55942502307662,0,-0.1570014487627117,1.7547064917266462,0
1.06695442235144,0,-0.1570014487627117,1.1371597674157716,0
0.9803030614996412,0,1.0720689188802486,0.5535441818032957,1
-1.4706925740226595,0,-0.1570014487627117,0.3635298050922574,0
-0.6413152630125882,0,-0.1570014487627117,-0.1386510476440579,0
0.287092174685253,0,-1.386071816405672,0.1870878838605792,0
1.246446526973022,0,-0.1570014487627117,1.1643046783744908,0
0.4294479817989222,0,1.0720689188802486,0.0649357845463404,1
1.209310229465108,0,-0.1570014487627117,0.0920806955050596,0
-0.3318461171133078,0,-1.386071816405672,-1.434820545922928,0
-0.5670426679967608,0,-0.1570014487627117,0.1938741116002588,0
1.1040907198593528,0,-0.1570014487627117,0.906428024266653,0
1.7044608629039573,1,1.0720689188802486,0.2685226167367388,2
-0.789860453044243,0,-0.1570014487627117,-0.389741474012216,0
-0.0533238858039553,1,-0.1570014487627117,-0.7222666332565337,2
-1.7801617199219402,1,-1.386071816405672,-0.6544043558597343,2
-1.0621933014356095,0,-1.386071816405672,-1.1769438918150898,0
0.256145260095325,0,-0.1570014487627117,0.6689100533778549,0
1.6178095020521583,0,-0.1570014487627117,-0.3422378798344567,0
-1.0745720672715808,1,-1.386071816405672,-0.8172738216120529,2
-0.1275964808197827,0,-0.1570014487627117,-0.4711762068883756,0
-2.0091688878874074,0,-1.386071816405672,-2.045581042494123,0
-0.9384056430758972,1,-1.386071816405672,-1.6248349226339662,2
-0.6660727946845307,0,-0.1570014487627117,1.8361412246028057,0
1.6735139483140289,0,2.3011392865232088,1.992224462615444,1
-0.8765118138960413,0,-0.1570014487627117,-0.2743756024376568,0
-0.7836710701262569,0,-0.1570014487627117,0.0310046458479407,0
-1.5016394886125877,0,-0.1570014487627117,0.0310046458479407,0
1.6054307362161877,1,-0.1570014487627117,1.367891510564889,2
0.0642743896377708,0,1.0720689188802486,0.533185498584256,1
0.7574852764521596,1,1.0720689188802486,1.3882501937839298,2
-0.6970197092744587,0,-0.1570014487627117,-0.7154804055168537,0
-1.0931402160255377,0,-0.1570014487627117,0.2956675276954579,0
1.611620119134173,0,2.3011392865232088,0.0649357845463404,1
-1.643995295726257,1,-0.1570014487627117,-1.7198421109894853,2
-0.0842708003938833,0,-1.386071816405672,0.5671166372826558,0
-0.1771115441636676,0,-1.386071816405672,0.0310046458479407,0
0.5160993426507205,0,-1.386071816405672,-0.8512049603104526,0
1.054575656515468,0,1.0720689188802486,0.0649357845463404,1
-1.2231172573032356,0,-0.1570014487627117,-0.2132995527805379,0
0.0704637725557569,0,-0.1570014487627117,0.6214064592000952,0
1.128848251531296,0,1.0720689188802486,0.3228124386541781,1
-1.4335562765147465,0,-0.1570014487627117,-2.065939725713162,0
-0.2575735220974804,0,1.0720689188802486,0.6214064592000952,1
0.55942502307662,0,1.0720689188802486,0.1667292006415396,1
0.4232585988809362,0,1.0720689188802486,0.607834003720736,1
-1.5140182544485592,1,-0.1570014487627117,-1.882711576741804,2
-0.721777240946401,0,-0.1570014487627117,-1.0683642479802105,0
-0.6784515605205017,0,-1.386071816405672,-1.4483930014022877,0
-0.5732320509147464,0,-0.1570014487627117,0.0649357845463404,0
1.679703331232015,1,2.3011392865232088,1.8700723633012053,1
